Sentence,WUGgedSentence,Score,LenFacScore,CleanedParse,GoodBad,Filename,pair_id,field,linguistics_term,Grammar,good_score,bad_score,correct_pair
Name knows that that child that was n't talking about Name should bike to *T* .,Name knows that that child that was n't talking about Name should bike to *T* .,-97.67372430696739,-6.104607769185462,(ROOT (NP _Name) (VBZ _knows) (SBAR (P_that _that) (NP (DT _that) (NN _child) (SBAR (P_that _that) (VP (AUX _was) (NOT _n't) (VP (P_talking _talking) (PP (P_about _about) (P_Name _Name)))))) (VP (MD _should) (NP (NN _bike) (PP (P_to _to) (NP _*T*))))) (P_. _.)),bad,wh_vs_that_with_gap_long_distance,112,syntax,filler_gap_dependency,sample1.0.FG-output.rank-1,-6.097469830520788,-6.104607769185462,TRUE
Name knows what that child that was n't talking about Name should bike to *T* .,Name knows what that child that was n't talking about Name should bike to *T* .,-97.5595172883326,-6.097469830520788,(ROOT (NP _Name) (VBZ _knows) (SBAR (WHNP _what) (NP (DT _that) (NN _child) (SBAR (P_that _that) (VP (AUX _was) (NOT _n't) (VP (P_talking _talking) (PP (P_about _about) (P_Name _Name)))))) (VP (MD _should) (NP (NN _bike) (PP (P_to _to) (NP _*T*))))) (P_. _.)),good,wh_vs_that_with_gap_long_distance,112,syntax,filler_gap_dependency,sample1.0.FG-output.rank-1,-6.097469830520788,-6.104607769185462,TRUE
Name knows that that child that was n't talking about Name should bike to *T* .,Name knows that that child that was n't talking about Name should bike to *T* .,-94.36262099973416,-5.897663812483385,(ROOT (NNP _Name) (VP (VBZ _knows) (SBAR (P_that _that) (NP (DT _that) (NN _child) (SBAR (P_that _that) (VP (AUX _was) (P_n't _n't) (VP (P_talking _talking) (P_about _about) (NP _Name))))) (VP (MD _should) (NP (NN _bike) (PP _to)) (P_*T* _*T*)))) (. _.)),bad,wh_vs_that_with_gap_long_distance,112,syntax,filler_gap_dependency,sample10.0.FG-output.rank-1,-5.941675346093905,-5.897663812483385,FALSE
Name knows what that child that was n't talking about Name should bike to *T* .,Name knows what that child that was n't talking about Name should bike to *T* .,-95.06680553750247,-5.941675346093905,(ROOT (NNP _Name) (VP (VBZ _knows) (SBAR (WP _what) (NP (DT _that) (NN _child) (SBAR (P_that _that) (VP (AUX _was) (P_n't _n't) (VP (P_talking _talking) (P_about _about) (NP _Name))))) (VP (MD _should) (NP (NN _bike) (PP _to)) (P_*T* _*T*)))) (. _.)),good,wh_vs_that_with_gap_long_distance,112,syntax,filler_gap_dependency,sample10.0.FG-output.rank-1,-5.941675346093905,-5.897663812483385,FALSE
Name knows that that child that was n't talking about Name should bike to *T* .,Name knows that that child that was n't talking about Name should bike to *T* .,-95.79626684540958,-5.9872666778380985,(ROOT (P_Name _Name) (VP (VBZ _knows) (SBAR (P_that _that) (NP (DT _that) (NN _child) (SBAR (P_that _that) (VP (AUX _was) (NOT _n't) (VP (P_talking _talking) (PP (P_about _about) (P_Name _Name)))))) (VP (MD _should) (NP (NN _bike) (PP (IN _to) (P_*T* _*T*)))))) (P_. _.)),bad,wh_vs_that_with_gap_long_distance,112,syntax,filler_gap_dependency,sample2.0.FG-output.rank-1,-6.017261153429368,-5.9872666778380985,FALSE
Name knows what that child that was n't talking about Name should bike to *T* .,Name knows what that child that was n't talking about Name should bike to *T* .,-96.27617845486989,-6.017261153429368,(ROOT (P_Name _Name) (VP (VBZ _knows) (SBAR (WHNP _what) (NP (DT _that) (NN _child) (SBAR (P_that _that) (VP (AUX _was) (NOT _n't) (VP (P_talking _talking) (PP (P_about _about) (P_Name _Name)))))) (VP (MD _should) (NP (NN _bike) (PP (IN _to) (P_*T* _*T*)))))) (P_. _.)),good,wh_vs_that_with_gap_long_distance,112,syntax,filler_gap_dependency,sample2.0.FG-output.rank-1,-6.017261153429368,-5.9872666778380985,FALSE
Name knows that that child that was n't talking about Name should bike to *T* .,Name knows that that child that was n't talking about Name should bike to *T* .,-99.45378446235183,-6.21586152889699,(ROOT (NNP _Name) (VP (VBZ _knows) (SBAR (COMP _that) (NP (DT _that) (NN _child) (SBAR (P_that _that) (VP (AUX _was) (NOT _n't) (VP (P_talking _talking) (PP (P_about _about) (P_Name _Name)))))) (VP (MD _should) (NP (NN _bike) (PP (P_to _to) (NP _*T*)))))) (P_. _.)),bad,wh_vs_that_with_gap_long_distance,112,syntax,filler_gap_dependency,sample3.0.FG-output.rank-1,-6.120944597149496,-6.21586152889699,TRUE
Name knows what that child that was n't talking about Name should bike to *T* .,Name knows what that child that was n't talking about Name should bike to *T* .,-97.93511355439193,-6.120944597149496,(ROOT (NNP _Name) (VP (VBZ _knows) (SBAR (P_what _what) (NP (DT _that) (NN _child) (SBAR (P_that _that) (VP (AUX _was) (NOT _n't) (VP (P_talking _talking) (PP (P_about _about) (P_Name _Name)))))) (VP (MD _should) (NP (NN _bike) (PP (P_to _to) (NP _*T*)))))) (P_. _.)),good,wh_vs_that_with_gap_long_distance,112,syntax,filler_gap_dependency,sample3.0.FG-output.rank-1,-6.120944597149496,-6.21586152889699,TRUE
Name knows that that child that was n't talking about Name should bike to *T* .,Name knows that that child that was n't talking about Name should bike to *T* .,-92.29978785677902,-5.768736741048689,(ROOT (P_Name _Name) (VP (P_knows _knows) (SBAR (P_that _that) (NP (DT _that) (NN _child) (SBAR (P_that _that) (VP (AUX _was) (P_n't _n't) (VP (P_talking _talking) (PP (P_about _about) (NNP _Name)))))) (VP (MD _should) (NP (NN _bike) (PP _to)) (P_*T* _*T*)))) (. _.)),bad,wh_vs_that_with_gap_long_distance,112,syntax,filler_gap_dependency,sample4.0.FG-output.rank-1,-5.862043860168976,-5.768736741048689,FALSE
Name knows what that child that was n't talking about Name should bike to *T* .,Name knows what that child that was n't talking about Name should bike to *T* .,-93.79270176270362,-5.862043860168976,(ROOT (P_Name _Name) (VP (P_knows _knows) (SBAR (WHNP _what) (NP (DT _that) (NN _child) (SBAR (P_that _that) (VP (AUX _was) (P_n't _n't) (VP (P_talking _talking) (PP (P_about _about) (NNP _Name)))))) (VP (MD _should) (NP (NN _bike) (PP _to)) (P_*T* _*T*)))) (. _.)),good,wh_vs_that_with_gap_long_distance,112,syntax,filler_gap_dependency,sample4.0.FG-output.rank-1,-5.862043860168976,-5.768736741048689,FALSE
Name knows that that child that was n't talking about Name should bike to *T* .,Name knows that that child that was n't talking about Name should bike to *T* .,-101.1265047975915,-6.320406549849468,(ROOT (NP _Name) (VP (VBZ _knows) (NP _that) (SBAR (WHPP (WDT _that) (NN _child)) (NP _that) (VP (AUX _was) (NOT _n't) (VP (P_talking _talking) (PP (P_about _about) (NP _Name)))))) (SQ (MD _should) (NP (NN _bike) (PP (P_to _to) (NP _*T*))) (. _.))),bad,wh_vs_that_with_gap_long_distance,112,syntax,filler_gap_dependency,sample5.0.FG-output.rank-1,-6.337592382496502,-6.320406549849468,FALSE
Name knows what that child that was n't talking about Name should bike to *T* .,Name knows what that child that was n't talking about Name should bike to *T* .,-101.40147811994403,-6.337592382496502,(ROOT (NP _Name) (VP (VBZ _knows) (SBAR (WP _what) (NP (P_that _that) (NN _child)) (VP (RB _that) (AUX _was) (P_n't _n't) (VP (P_talking _talking) (PP (P_about _about) (NP _Name)))))) (SQ (MD _should) (NP (NN _bike) (PP (P_to _to) (NP _*T*))) (. _.))),good,wh_vs_that_with_gap_long_distance,112,syntax,filler_gap_dependency,sample5.0.FG-output.rank-1,-6.337592382496502,-6.320406549849468,FALSE
Name knows that that child that was n't talking about Name should bike to *T* .,Name knows that that child that was n't talking about Name should bike to *T* .,-97.51795576002716,-6.094872235001698,(ROOT (NNP _Name) (VP (VBZ _knows) (SBAR (P_that _that) (NP (DT _that) (NN _child) (SBAR (P_that _that) (VP (AUX _was) (P_n't _n't) (VP (P_talking _talking) (PP (P_about _about) (P_Name _Name)))))) (VP (MD _should) (NP _bike) (VP _to) (ADVP _*T*)))) (P_. _.)),bad,wh_vs_that_with_gap_long_distance,112,syntax,filler_gap_dependency,sample6.0.FG-output.rank-1,-6.176925812004453,-6.094872235001698,FALSE
Name knows what that child that was n't talking about Name should bike to *T* .,Name knows what that child that was n't talking about Name should bike to *T* .,-98.83081299207124,-6.176925812004453,(ROOT (NNP _Name) (VP (VBZ _knows) (SBAR (P_what _what) (NP (DT _that) (NN _child) (SBAR (P_that _that) (VP (AUX _was) (P_n't _n't) (VP (P_talking _talking) (PP (P_about _about) (P_Name _Name)))))) (VP (MD _should) (NP _bike) (VP _to) (ADVP _*T*)))) (P_. _.)),good,wh_vs_that_with_gap_long_distance,112,syntax,filler_gap_dependency,sample6.0.FG-output.rank-1,-6.176925812004453,-6.094872235001698,FALSE
Name knows that that child that was n't talking about Name should bike to *T* .,Name knows that that child that was n't talking about Name should bike to *T* .,-98.16052214295065,-6.135032633934416,(ROOT (NNP _Name) (VP (VBZ _knows) (SBAR (P_that _that) (NP (DT _that) (NN _child) (SBAR (P_that _that) (VP (AUX _was) (P_n't _n't) (VP (P_talking _talking) (PP (P_about _about) (P_Name _Name)))))) (VP (MD _should) (NP (NN _bike) (PP (IN _to) (P_*T* _*T*)))))) (. _.)),bad,wh_vs_that_with_gap_long_distance,112,syntax,filler_gap_dependency,sample7.0.FG-output.rank-1,-6.150763771896822,-6.135032633934416,FALSE
Name knows what that child that was n't talking about Name should bike to *T* .,Name knows what that child that was n't talking about Name should bike to *T* .,-98.41222035034916,-6.150763771896822,(ROOT (NNP _Name) (VP (VBZ _knows) (SBAR (WHNP _what) (NP (DT _that) (NN _child) (SBAR (P_that _that) (VP (AUX _was) (P_n't _n't) (VP (P_talking _talking) (PP (P_about _about) (P_Name _Name)))))) (VP (MD _should) (NP (NN _bike) (PP (IN _to) (P_*T* _*T*)))))) (. _.)),good,wh_vs_that_with_gap_long_distance,112,syntax,filler_gap_dependency,sample7.0.FG-output.rank-1,-6.150763771896822,-6.135032633934416,FALSE
Name knows that that child that was n't talking about Name should bike to *T* .,Name knows that that child that was n't talking about Name should bike to *T* .,-94.33109646000554,-5.895693528750346,(ROOT (P_Name _Name) (VP (VBZ _knows) (SBAR (P_that _that) (NP (DT _that) (NN _child) (SBAR (P_that _that) (VP (AUX _was) (NOT _n't) (VP (P_talking _talking) (P_about _about) (NP _Name))))) (VP (MD _should) (NP _bike) (VP _to) (ADVP _*T*)))) (P_. _.)),bad,wh_vs_that_with_gap_long_distance,112,syntax,filler_gap_dependency,sample8.0.FG-output.rank-1,-5.993741935981055,-5.895693528750346,FALSE
Name knows what that child that was n't talking about Name should bike to *T* .,Name knows what that child that was n't talking about Name should bike to *T* .,-95.89987097569689,-5.993741935981055,(ROOT (P_Name _Name) (VP (VBZ _knows) (SBAR (WHNP _what) (NP (DT _that) (NN _child) (SBAR (P_that _that) (VP (AUX _was) (NOT _n't) (VP (P_talking _talking) (P_about _about) (NP _Name))))) (VP (MD _should) (NP _bike) (VP _to) (ADVP _*T*)))) (P_. _.)),good,wh_vs_that_with_gap_long_distance,112,syntax,filler_gap_dependency,sample8.0.FG-output.rank-1,-5.993741935981055,-5.895693528750346,FALSE
Name knows that that child that was n't talking about Name should bike to *T* .,Name knows that that child that was n't talking about Name should bike to *T* .,-99.01811012176141,-6.188631882610088,(ROOT (P_Name _Name) (VP (VBZ _knows) (SBAR (P_that _that) (NP (DT _that) (NN _child) (SBAR (P_that _that) (VP (AUX _was) (NOT _n't) (VP (P_talking _talking) (PP (IN _about) (P_Name _Name)))))) (VP (MD _should) (NP _bike) (VP _to) (ADVP _*T*)))) (. _.)),bad,wh_vs_that_with_gap_long_distance,112,syntax,filler_gap_dependency,sample9.0.FG-output.rank-1,-6.203755566633669,-6.188631882610088,FALSE
Name knows what that child that was n't talking about Name should bike to *T* .,Name knows what that child that was n't talking about Name should bike to *T* .,-99.2600890661387,-6.203755566633669,(ROOT (P_Name _Name) (VP (VBZ _knows) (P_what _what) (NP (NP (DT _that) (NN _child) (SBAR (P_that _that) (VP (AUX _was) (NOT _n't) (VP (P_talking _talking) (PP (IN _about) (NP _Name) (VP _should)))))) (NN _bike)) (PP (IN _to) (P_*T* _*T*))) (. _.)),good,wh_vs_that_with_gap_long_distance,112,syntax,filler_gap_dependency,sample9.0.FG-output.rank-1,-6.203755566633669,-6.188631882610088,FALSE
Name can n't find out who that movie that should win can n't sound like *T* .,Name can n't find out who that movie that should win can n't sound like *T* .,-95.77779664117506,-5.63398803771618,(ROOT (P_Name _Name) (VP (P_can _can) (P_n't _n't) (VP (VB _find) (PRT _out) (SBAR (WHNP _who) (NP (DT _that) (NN _movie) (SBAR (P_that _that) (VP (MD _should) (VB _win)))) (VP (P_can _can) (P_n't _n't) (VP (VB _sound) (PP (P_like _like) (NP _*T*))))))) (P_. _.)),good,wh_vs_that_with_gap_long_distance,427,syntax,filler_gap_dependency,sample1.0.FG-output.rank-1,-5.63398803771618,-5.446879101457037,FALSE
Name can n't find out that that movie that should win can n't sound like *T* .,Name can n't find out that that movie that should win can n't sound like *T* .,-92.59694472476963,-5.446879101457037,(ROOT (P_Name _Name) (VP (P_can _can) (P_n't _n't) (VP (VB _find) (PRT _out) (SBAR (P_that _that) (NP (DT _that) (NN _movie) (SBAR (P_that _that) (VP (MD _should) (VB _win)))) (VP (P_can _can) (P_n't _n't) (VP (VB _sound) (PP (P_like _like) (NP _*T*))))))) (P_. _.)),bad,wh_vs_that_with_gap_long_distance,427,syntax,filler_gap_dependency,sample1.0.FG-output.rank-1,-5.63398803771618,-5.446879101457037,FALSE
Name can n't find out who that movie that should win can n't sound like *T* .,Name can n't find out who that movie that should win can n't sound like *T* .,-89.3718399655427,-5.2571670567966295,(ROOT (NNP _Name) (VP (MD _can) (NOT _n't) (VP (P_find _find) (P_out _out)) (SBAR (WP _who) (NP (DT _that) (NN _movie) (SBAR (P_that _that) (VP (MD _should) (VB _win)))) (VP (P_can _can) (NOT _n't) (VP (P_sound _sound) (PP (P_like _like) (P_*T* _*T*)))))) (. _.)),good,wh_vs_that_with_gap_long_distance,427,syntax,filler_gap_dependency,sample10.0.FG-output.rank-1,-5.2571670567966295,-5.107277215193278,FALSE
Name can n't find out that that movie that should win can n't sound like *T* .,Name can n't find out that that movie that should win can n't sound like *T* .,-86.82371265828573,-5.107277215193278,(ROOT (NNP _Name) (VP (MD _can) (NOT _n't) (VP (P_find _find) (P_out _out)) (SBAR (P_that _that) (NP (DT _that) (NN _movie) (SBAR (P_that _that) (VP (MD _should) (VB _win)))) (VP (P_can _can) (NOT _n't) (VP (P_sound _sound) (PP (P_like _like) (P_*T* _*T*)))))) (. _.)),bad,wh_vs_that_with_gap_long_distance,427,syntax,filler_gap_dependency,sample10.0.FG-output.rank-1,-5.2571670567966295,-5.107277215193278,FALSE
Name can n't find out who that movie that should win can n't sound like *T* .,Name can n't find out who that movie that should win can n't sound like *T* .,-94.00104851097346,-5.529473441821969,(ROOT (P_Name _Name) (VP (MD _can) (NOT _n't) (VP (P_find _find) (P_out _out)) (SBAR (WHNP _who) (NP (DT _that) (NN _movie) (SBAR (P_that _that) (VP (MD _should) (VB _win)))) (VP (P_can _can) (P_n't _n't) (VP (VB _sound) (PP (P_like _like) (P_*T* _*T*)))))) (P_. _.)),good,wh_vs_that_with_gap_long_distance,427,syntax,filler_gap_dependency,sample2.0.FG-output.rank-1,-5.529473441821969,-5.3186410632746925,FALSE
Name can n't find out that that movie that should win can n't sound like *T* .,Name can n't find out that that movie that should win can n't sound like *T* .,-90.41689807566978,-5.3186410632746925,(ROOT (P_Name _Name) (VP (MD _can) (NOT _n't) (VP (P_find _find) (P_out _out)) (SBAR (P_that _that) (NP (DT _that) (NN _movie) (SBAR (P_that _that) (VP (MD _should) (VB _win)))) (VP (P_can _can) (P_n't _n't) (VP (VB _sound) (PP (P_like _like) (P_*T* _*T*)))))) (P_. _.)),bad,wh_vs_that_with_gap_long_distance,427,syntax,filler_gap_dependency,sample2.0.FG-output.rank-1,-5.529473441821969,-5.3186410632746925,FALSE
Name can n't find out who that movie that should win can n't sound like *T* .,Name can n't find out who that movie that should win can n't sound like *T* .,-93.45700799772712,-5.497471058689831,(ROOT (NNP _Name) (VP (MD _can) (P_n't _n't) (VP (P_find _find) (P_out _out)) (SBAR (WHNP _who) (S (NP (DT _that) (NN _movie) (SBAR (P_that _that) (VP (MD _should) (VB _win)))) (VP (MD _can) (NOT _n't) (VP (VB _sound) (P_like _like) (P_*T* _*T*)))))) (P_. _.)),good,wh_vs_that_with_gap_long_distance,427,syntax,filler_gap_dependency,sample3.0.FG-output.rank-1,-5.497471058689831,-5.213287171513752,FALSE
Name can n't find out that that movie that should win can n't sound like *T* .,Name can n't find out that that movie that should win can n't sound like *T* .,-88.62588191573379,-5.213287171513752,(ROOT (NNP _Name) (VP (MD _can) (P_n't _n't) (VP (P_find _find) (P_out _out)) (SBAR (COMP _that) (NP (DT _that) (NN _movie) (SBAR (P_that _that) (VP (MD _should) (VB _win)))) (VP (MD _can) (NOT _n't) (VP (VB _sound) (P_like _like) (P_*T* _*T*))))) (P_. _.)),bad,wh_vs_that_with_gap_long_distance,427,syntax,filler_gap_dependency,sample3.0.FG-output.rank-1,-5.497471058689831,-5.213287171513752,FALSE
Name can n't find out who that movie that should win can n't sound like *T* .,Name can n't find out who that movie that should win can n't sound like *T* .,-91.17477330497307,-5.363221959116063,(ROOT (P_Name _Name) (VP (P_can _can) (P_n't _n't) (VP (VB _find) (PRT _out) (SBAR (WHNP _who) (NP (DT _that) (NN _movie) (SBAR (P_that _that) (VP (MD _should) (VB _win)))) (VP (P_can _can) (P_n't _n't) (VP (P_sound _sound) (PP (IN _like) (P_*T* _*T*))))))) (. _.)),good,wh_vs_that_with_gap_long_distance,427,syntax,filler_gap_dependency,sample4.0.FG-output.rank-1,-5.363221959116063,-5.141222899637917,FALSE
Name can n't find out that that movie that should win can n't sound like *T* .,Name can n't find out that that movie that should win can n't sound like *T* .,-87.4007892938446,-5.141222899637917,(ROOT (P_Name _Name) (VP (P_can _can) (P_n't _n't) (VP (VB _find) (PRT _out) (SBAR (P_that _that) (NP (DT _that) (NN _movie) (SBAR (P_that _that) (VP (MD _should) (VB _win)))) (VP (P_can _can) (P_n't _n't) (VP (P_sound _sound) (PP (IN _like) (P_*T* _*T*))))))) (. _.)),bad,wh_vs_that_with_gap_long_distance,427,syntax,filler_gap_dependency,sample4.0.FG-output.rank-1,-5.363221959116063,-5.141222899637917,FALSE
Name can n't find out who that movie that should win can n't sound like *T* .,Name can n't find out who that movie that should win can n't sound like *T* .,-90.8292865965349,-5.342899211560876,(ROOT (P_Name _Name) (VP (P_can _can) (P_n't _n't) (VP (VB _find) (PRT _out) (SBAR (WP _who) (NP (DT _that) (NN _movie) (SBAR (P_that _that) (VP (P_should _should) (VP _win)))) (VP (P_can _can) (P_n't _n't) (VP (VB _sound) (IN _like) (P_*T* _*T*)))))) (P_. _.)),good,wh_vs_that_with_gap_long_distance,427,syntax,filler_gap_dependency,sample5.0.FG-output.rank-1,-5.342899211560876,-5.289158172501154,FALSE
Name can n't find out that that movie that should win can n't sound like *T* .,Name can n't find out that that movie that should win can n't sound like *T* .,-89.91568893251963,-5.289158172501154,(ROOT (P_Name _Name) (VP (P_can _can) (P_n't _n't) (VP (VB _find) (PRT _out) (SBAR (COMP _that) (NP (DT _that) (NN _movie) (NN _that)) (MD _should) (VP (VB _win) (VP (P_can _can) (P_n't _n't) (VP (VB _sound) (IN _like) (P_*T* _*T*))))))) (P_. _.)),bad,wh_vs_that_with_gap_long_distance,427,syntax,filler_gap_dependency,sample5.0.FG-output.rank-1,-5.342899211560876,-5.289158172501154,FALSE
Name can n't find out who that movie that should win can n't sound like *T* .,Name can n't find out who that movie that should win can n't sound like *T* .,-97.96277795230888,-5.762516350135817,(ROOT (NNP _Name) (VP (P_can _can) (P_n't _n't) (VP (VB _find) (RP _out) (SBAR (WHNP (WP _who) (NP (P_that _that) (NN _movie))) (S (NP _that) (MD _should) (VP (VB _win) (VP (P_can _can) (P_n't _n't) (VP (VB _sound) (PP (P_like _like) (NP _*T*))))))))) (P_. _.)),good,wh_vs_that_with_gap_long_distance,427,syntax,filler_gap_dependency,sample6.0.FG-output.rank-1,-5.762516350135817,-5.420974563142428,FALSE
Name can n't find out that that movie that should win can n't sound like *T* .,Name can n't find out that that movie that should win can n't sound like *T* .,-92.15656757342127,-5.420974563142428,(ROOT (NNP _Name) (VP (P_can _can) (P_n't _n't) (VP (VB _find) (RP _out) (SBAR (P_that _that) (NP (DT _that) (NN _movie) (SBAR (P_that _that) (VP (P_should _should) (VP _win)))) (VP (P_can _can) (P_n't _n't) (VP (VB _sound) (PP (P_like _like) (NP _*T*))))))) (P_. _.)),bad,wh_vs_that_with_gap_long_distance,427,syntax,filler_gap_dependency,sample6.0.FG-output.rank-1,-5.762516350135817,-5.420974563142428,FALSE
Name can n't find out who that movie that should win can n't sound like *T* .,Name can n't find out who that movie that should win can n't sound like *T* .,-92.06422114657029,-5.415542420386488,(ROOT (NNP _Name) (VP (MD _can) (P_n't _n't) (VP (VB _find) (P_out _out) (SBAR (WHNP _who) (NP (DT _that) (NN _movie) (SBAR (P_that _that) (VP (MD _should) (VB _win)))) (VP (MD _can) (P_n't _n't) (VB _sound) (PP (P_like _like) (P_*T* _*T*)))))) (. _.)),good,wh_vs_that_with_gap_long_distance,427,syntax,filler_gap_dependency,sample7.0.FG-output.rank-1,-5.415542420386488,-5.242904624275749,FALSE
Name can n't find out that that movie that should win can n't sound like *T* .,Name can n't find out that that movie that should win can n't sound like *T* .,-89.12937861268773,-5.242904624275749,(ROOT (NNP _Name) (VP (MD _can) (P_n't _n't) (VP (VB _find) (P_out _out) (SBAR (P_that _that) (NP (DT _that) (NN _movie) (SBAR (P_that _that) (VP (MD _should) (VB _win)))) (VP (MD _can) (P_n't _n't) (VB _sound) (PP (P_like _like) (P_*T* _*T*)))))) (. _.)),bad,wh_vs_that_with_gap_long_distance,427,syntax,filler_gap_dependency,sample7.0.FG-output.rank-1,-5.415542420386488,-5.242904624275749,FALSE
Name can n't find out who that movie that should win can n't sound like *T* .,Name can n't find out who that movie that should win can n't sound like *T* .,-86.92415596639697,-5.113185645082175,(ROOT (P_Name _Name) (VP (P_can _can) (NOT _n't) (VP (P_find _find) (P_out _out)) (SBAR (WHNP _who) (NP (DT _that) (NN _movie) (SBAR (P_that _that) (VP (MD _should) (VB _win)))) (VP (P_can _can) (P_n't _n't) (VB _sound) (PP (P_like _like) (P_*T* _*T*))))) (P_. _.)),good,wh_vs_that_with_gap_long_distance,427,syntax,filler_gap_dependency,sample8.0.FG-output.rank-1,-5.113185645082175,-4.931539457498872,FALSE
Name can n't find out that that movie that should win can n't sound like *T* .,Name can n't find out that that movie that should win can n't sound like *T* .,-83.83617077748082,-4.931539457498872,(ROOT (P_Name _Name) (VP (P_can _can) (NOT _n't) (VP (P_find _find) (P_out _out)) (SBAR (P_that _that) (NP (DT _that) (NN _movie) (SBAR (P_that _that) (VP (MD _should) (VB _win)))) (VP (P_can _can) (P_n't _n't) (VB _sound) (PP (P_like _like) (P_*T* _*T*))))) (P_. _.)),bad,wh_vs_that_with_gap_long_distance,427,syntax,filler_gap_dependency,sample8.0.FG-output.rank-1,-5.113185645082175,-4.931539457498872,FALSE
Name can n't find out who that movie that should win can n't sound like *T* .,Name can n't find out who that movie that should win can n't sound like *T* .,-96.95714414921338,-5.703361420541963,(ROOT (S (NP _Name) (MD _can) (NOT _n't) (VP (VB _find) (PRT _out) (WHNP _who))) (NP (P_that _that) (NN _movie)) (S (NP _that) (MD _should) (VP (VBP _win) (VP (MD _can) (NOT _n't) (VP (P_sound _sound) (PP (IN _like) (P_*T* _*T*))))) (P_. _.))),good,wh_vs_that_with_gap_long_distance,427,syntax,filler_gap_dependency,sample9.0.FG-output.rank-1,-5.703361420541963,-5.403307338710448,FALSE
Name can n't find out that that movie that should win can n't sound like *T* .,Name can n't find out that that movie that should win can n't sound like *T* .,-91.85622475807762,-5.403307338710448,(ROOT (P_Name _Name) (VP (MD _can) (NOT _n't) (VP (VB _find) (RP _out) (SBAR (P_that _that) (NP (DT _that) (NN _movie) (SBAR (P_that _that) (VP (P_should _should) (VP (VBP _win) (VP (MD _can) (NOT _n't)))))) (VP (P_sound _sound) (PP (IN _like) (P_*T* _*T*)))))) (. _.)),bad,wh_vs_that_with_gap_long_distance,427,syntax,filler_gap_dependency,sample9.0.FG-output.rank-1,-5.703361420541963,-5.403307338710448,FALSE
Name knew that all bananas that went bad can look like *T* .,Name knew that all bananas that went bad can look like *T* .,-79.44953811478962,-6.111502931906894,(ROOT (P_Name _Name) (VP (VBD _knew) (NP (DT _that) (JJ _all) (NNS _bananas)) (SBAR (P_that _that) (VP (VBD _went) (ADJP (JJ _bad) (VP (MD _can) (VP (P_look _look) (P_like _like) (NP _*T*))))))) (P_. _.)),bad,wh_vs_that_with_gap_long_distance,48,syntax,filler_gap_dependency,sample1.0.FG-output.rank-1,-6.261392090157139,-6.111502931906894,FALSE
Name knew what all bananas that went bad can look like *T* .,Name knew what all bananas that went bad can look like *T* .,-81.39809717204281,-6.261392090157139,(ROOT (P_Name _Name) (VP (VBD _knew) (SBAR (WHNP _what) (NP (JJ _all) (NNS _bananas) (S (P_that _that) (VP (VBD _went) (ADJP _bad)))) (VP (MD _can) (VP (P_look _look) (P_like _like) (NP _*T*))))) (P_. _.)),good,wh_vs_that_with_gap_long_distance,48,syntax,filler_gap_dependency,sample1.0.FG-output.rank-1,-6.261392090157139,-6.111502931906894,FALSE
Name knew that all bananas that went bad can look like *T* .,Name knew that all bananas that went bad can look like *T* .,-77.44619529439603,-5.957399638030465,(ROOT (NNP _Name) (VP (VBD _knew) (NP (DT _that) (JJ _all) (NNS _bananas)) (SBAR (P_that _that) (VP (VBD _went) (NP (JJ _bad) (NN _can)) (VP (P_look _look) (P_like _like) (P_*T* _*T*))))) (. _.)),bad,wh_vs_that_with_gap_long_distance,48,syntax,filler_gap_dependency,sample10.0.FG-output.rank-1,-5.958842784804021,-5.957399638030465,FALSE
Name knew what all bananas that went bad can look like *T* .,Name knew what all bananas that went bad can look like *T* .,-77.46495620245227,-5.958842784804021,(ROOT (NNP _Name) (VP (VBD _knew) (WHNP _what) (SQ (NP (JJ _all) (NNS _bananas)) (SBAR (P_that _that) (VP (VBD _went) (ADJP _bad))) (VP (P_can _can) (VP (P_look _look) (P_like _like) (P_*T* _*T*))))) (. _.)),good,wh_vs_that_with_gap_long_distance,48,syntax,filler_gap_dependency,sample10.0.FG-output.rank-1,-5.958842784804021,-5.957399638030465,FALSE
Name knew that all bananas that went bad can look like *T* .,Name knew that all bananas that went bad can look like *T* .,-78.07760026598132,-6.005969251229332,(ROOT (P_Name _Name) (VP (VBD _knew) (NP (DT _that) (JJ _all) (NNS _bananas)) (SBAR (P_that _that) (VP (VBD _went) (ADJP (JJ _bad) (VP (MD _can) (VP (P_look _look) (P_like _like) (P_*T* _*T*))))))) (P_. _.)),bad,wh_vs_that_with_gap_long_distance,48,syntax,filler_gap_dependency,sample2.0.FG-output.rank-1,-6.060139669804864,-6.005969251229332,FALSE
Name knew what all bananas that went bad can look like *T* .,Name knew what all bananas that went bad can look like *T* .,-78.78181570746322,-6.060139669804864,(ROOT (P_Name _Name) (VP (VBD _knew) (SBAR (WHNP (P_what _what) (JJ _all) (NNS _bananas)) (NP _that) (VP (VBD _went) (ADJP (JJ _bad) (VP (MD _can) (VP (P_look _look) (P_like _like) (P_*T* _*T*))))))) (P_. _.)),good,wh_vs_that_with_gap_long_distance,48,syntax,filler_gap_dependency,sample2.0.FG-output.rank-1,-6.060139669804864,-6.005969251229332,FALSE
Name knew that all bananas that went bad can look like *T* .,Name knew that all bananas that went bad can look like *T* .,-79.6407355900448,-6.126210430003446,(ROOT (NNP _Name) (VP (VBD _knew) (SBAR (COMP _that) (NP (NP (P_all _all) (NNS _bananas)) (SBAR (P_that _that) (VP (VBD _went) (ADJP _bad)))) (MD _can) (VP (P_look _look) (P_like _like) (NP _*T*)))) (P_. _.)),bad,wh_vs_that_with_gap_long_distance,48,syntax,filler_gap_dependency,sample3.0.FG-output.rank-1,-6.229063807057663,-6.126210430003446,FALSE
Name knew what all bananas that went bad can look like *T* .,Name knew what all bananas that went bad can look like *T* .,-80.97782949174962,-6.229063807057663,(ROOT (NNP _Name) (VP (VBD _knew) (SBAR (P_what _what) (NP (NP (P_all _all) (NNS _bananas)) (SBAR (P_that _that) (VP (VBD _went) (ADJP _bad)))) (VP (P_can _can) (VP (P_look _look) (P_like _like) (NP _*T*))))) (P_. _.)),good,wh_vs_that_with_gap_long_distance,48,syntax,filler_gap_dependency,sample3.0.FG-output.rank-1,-6.229063807057663,-6.126210430003446,FALSE
Name knew that all bananas that went bad can look like *T* .,Name knew that all bananas that went bad can look like *T* .,-81.12556530147687,-6.240428100113605,(ROOT (P_Name _Name) (VP (VBD _knew) (NP (DT _that) (JJ _all) (NNS _bananas)) (SBAR (P_that _that) (VP (VBD _went) (NP (JJ _bad) (NN _can)) (VP (P_look _look) (P_like _like) (NP _*T*))))) (. _.)),bad,wh_vs_that_with_gap_long_distance,48,syntax,filler_gap_dependency,sample4.0.FG-output.rank-1,-6.408277061803376,-6.240428100113605,FALSE
Name knew what all bananas that went bad can look like *T* .,Name knew what all bananas that went bad can look like *T* .,-83.30760180344389,-6.408277061803376,(ROOT (P_Name _Name) (VP (VBD _knew) (SBAR (WP _what) (S (RB _all) (NP (NNS _bananas) (SBAR (P_that _that) (VP (VBD _went) (ADJP _bad)))) (VP (MD _can) (VP (P_look _look) (P_like _like) (NP _*T*)))))) (. _.)),good,wh_vs_that_with_gap_long_distance,48,syntax,filler_gap_dependency,sample4.0.FG-output.rank-1,-6.408277061803376,-6.240428100113605,FALSE
Name knew that all bananas that went bad can look like *T* .,Name knew that all bananas that went bad can look like *T* .,-80.54126465849922,-6.195481896807632,(ROOT (P_Name _Name) (VP (VBD _knew) (NP (DT _that) (JJ _all) (NNS _bananas)) (SBAR (P_that _that) (VP (VBD _went) (NP (JJ _bad) (NN _can)) (VP (P_look _look) (P_like _like) (NP _*T*))))) (P_. _.)),bad,wh_vs_that_with_gap_long_distance,48,syntax,filler_gap_dependency,sample5.0.FG-output.rank-1,-6.343051170281448,-6.195481896807632,FALSE
Name knew what all bananas that went bad can look like *T* .,Name knew what all bananas that went bad can look like *T* .,-82.45966521365882,-6.343051170281448,(ROOT (P_Name _Name) (VP (VBD _knew) (SBAR (WP _what) (NP (JJ _all) (NNS _bananas) (S (P_that _that) (VP (VBD _went) (ADJP _bad)))) (VP (P_can _can) (VP (P_look _look) (P_like _like) (NP _*T*))))) (P_. _.)),good,wh_vs_that_with_gap_long_distance,48,syntax,filler_gap_dependency,sample5.0.FG-output.rank-1,-6.343051170281448,-6.195481896807632,FALSE
Name knew that all bananas that went bad can look like *T* .,Name knew that all bananas that went bad can look like *T* .,-80.91018267773705,-6.223860205979774,(ROOT (NNP _Name) (VP (VBD _knew) (SBAR (P_that _that) (NP (NP (P_all _all) (NNS _bananas)) (SBAR (P_that _that) (VP (VBD _went) (ADJP _bad)))) (VP (MD _can) (VP (P_look _look) (P_like _like) (NP _*T*))))) (P_. _.)),bad,wh_vs_that_with_gap_long_distance,48,syntax,filler_gap_dependency,sample6.0.FG-output.rank-1,-6.339009254810728,-6.223860205979774,FALSE
Name knew what all bananas that went bad can look like *T* .,Name knew what all bananas that went bad can look like *T* .,-82.40712031253946,-6.339009254810728,(ROOT (NNP _Name) (VP (VBD _knew) (SBAR (P_what _what) (NP (NP (P_all _all) (NNS _bananas)) (SBAR (P_that _that) (VP (VBD _went) (ADJP _bad)))) (VP (MD _can) (VP (P_look _look) (P_like _like) (NP _*T*))))) (P_. _.)),good,wh_vs_that_with_gap_long_distance,48,syntax,filler_gap_dependency,sample6.0.FG-output.rank-1,-6.339009254810728,-6.223860205979774,FALSE
Name knew that all bananas that went bad can look like *T* .,Name knew that all bananas that went bad can look like *T* .,-76.23404740806613,-5.864157492928164,(ROOT (NNP _Name) (VP (VBD _knew) (DT _that) (JJ _all) (NNS _bananas) (WDT _that) (S (VBD _went) (NP (JJ _bad) (NN _can)) (VP (P_look _look) (P_like _like) (P_*T* _*T*)))) (. _.)),bad,wh_vs_that_with_gap_long_distance,48,syntax,filler_gap_dependency,sample7.0.FG-output.rank-1,-5.971085690499511,-5.864157492928164,FALSE
Name knew what all bananas that went bad can look like *T* .,Name knew what all bananas that went bad can look like *T* .,-77.62411397649365,-5.971085690499511,(ROOT (NNP _Name) (VP (VBD _knew) (SBAR (WHNP _what) (NP (NP (P_all _all) (NNS _bananas)) (SBAR (P_that _that) (VP (VBD _went) (ADJP _bad)))) (VP (MD _can) (VP (P_look _look) (P_like _like) (P_*T* _*T*))))) (. _.)),good,wh_vs_that_with_gap_long_distance,48,syntax,filler_gap_dependency,sample7.0.FG-output.rank-1,-5.971085690499511,-5.864157492928164,FALSE
Name knew that all bananas that went bad can look like *T* .,Name knew that all bananas that went bad can look like *T* .,-80.17565859031969,-6.167358353101514,(ROOT (P_Name _Name) (VP (VBD _knew) (SBAR (P_that _that) (NP (NP (P_all _all) (NNS _bananas)) (SBAR (P_that _that) (VP (VBD _went) (ADJP _bad)))) (VP (P_can _can) (VP (P_look _look) (P_like _like) (NP _*T*))))) (P_. _.)),bad,wh_vs_that_with_gap_long_distance,48,syntax,filler_gap_dependency,sample8.0.FG-output.rank-1,-6.089891404420069,-6.167358353101514,TRUE
Name knew what all bananas that went bad can look like *T* .,Name knew what all bananas that went bad can look like *T* .,-79.1685882574609,-6.089891404420069,(ROOT (P_Name _Name) (VP (VBD _knew) (WHNP _what) (SQ (NP (P_all _all) (NNS _bananas)) (SBAR (P_that _that) (VP (VBD _went) (ADJP _bad))) (VP (P_can _can) (VP (P_look _look) (P_like _like) (NP _*T*))))) (P_. _.)),good,wh_vs_that_with_gap_long_distance,48,syntax,filler_gap_dependency,sample8.0.FG-output.rank-1,-6.089891404420069,-6.167358353101514,TRUE
Name knew that all bananas that went bad can look like *T* .,Name knew that all bananas that went bad can look like *T* .,-80.92948700907044,-6.22534515454388,(ROOT (P_Name _Name) (VP (VBD _knew) (SBAR (COMP _that) (NP (NP (P_all _all) (NNS _bananas)) (SBAR (P_that _that) (VP (VBD _went) (ADJP _bad)))) (MD _can) (VP (P_look _look) (PP (IN _like) (P_*T* _*T*))))) (. _.)),bad,wh_vs_that_with_gap_long_distance,48,syntax,filler_gap_dependency,sample9.0.FG-output.rank-1,-6.184609543880731,-6.22534515454388,TRUE
Name knew what all bananas that went bad can look like *T* .,Name knew what all bananas that went bad can look like *T* .,-80.3999240704495,-6.184609543880731,(ROOT (P_Name _Name) (VP (VBD _knew) (WHNP _what) (SQ (NP (P_all _all) (NNS _bananas)) (SBAR (P_that _that) (VP (VBD _went) (ADJP _bad))) (VP (MD _can) (VP (P_look _look) (PP (IN _like) (P_*T* _*T*)))))) (. _.)),good,wh_vs_that_with_gap_long_distance,48,syntax,filler_gap_dependency,sample9.0.FG-output.rank-1,-6.184609543880731,-6.22534515454388,TRUE
Name will n't remember what all pictures that scared Name can look like *T* .,Name will n't remember what all pictures that scared Name can look like *T* .,-78.46192348652968,-5.230794899101979,(ROOT (P_Name _Name) (VP (P_will _will) (NOT _n't) (VP (P_remember _remember) (SBAR (WHNP _what) (NP (JJ _all) (NNS _pictures) (S (NP (DT _that) (JJ _scared) (P_Name _Name)) (MD _can) (VP (P_look _look) (P_like _like) (NP _*T*))))))) (P_. _.)),good,wh_vs_that_with_gap_long_distance,804,syntax,filler_gap_dependency,sample1.0.FG-output.rank-1,-5.230794899101979,-5.039182920026202,FALSE
Name will n't remember that all pictures that scared Name can look like *T* .,Name will n't remember that all pictures that scared Name can look like *T* .,-75.58774380039303,-5.039182920026202,(ROOT (P_Name _Name) (VP (P_will _will) (NOT _n't) (VP (VB _remember) (NP (DT _that) (JJ _all) (NNS _pictures)) (SBAR (COMP _that) (NP (JJ _scared) (P_Name _Name)) (MD _can) (VP (P_look _look) (P_like _like) (NP _*T*))))) (P_. _.)),bad,wh_vs_that_with_gap_long_distance,804,syntax,filler_gap_dependency,sample1.0.FG-output.rank-1,-5.230794899101979,-5.039182920026202,FALSE
Name will n't remember what all pictures that scared Name can look like *T* .,Name will n't remember what all pictures that scared Name can look like *T* .,-70.83098560084188,-4.722065706722792,(ROOT (NNP _Name) (VP (P_will _will) (P_n't _n't) (VP (P_remember _remember) (SBAR (WHNP (P_what _what) (JJ _all) (NNS _pictures)) (NP (DT _that) (JJ _scared) (P_Name _Name)) (VP (P_can _can) (VP (P_look _look) (P_like _like) (P_*T* _*T*)))))) (. _.)),good,wh_vs_that_with_gap_long_distance,804,syntax,filler_gap_dependency,sample10.0.FG-output.rank-1,-4.722065706722792,-4.8734732062558646,TRUE
Name will n't remember that all pictures that scared Name can look like *T* .,Name will n't remember that all pictures that scared Name can look like *T* .,-73.10209809383797,-4.8734732062558646,(ROOT (NNP _Name) (VP (P_will _will) (P_n't _n't) (VP (VB _remember) (NP (DT _that) (JJ _all) (NNS _pictures)) (SBAR (P_that _that) (NP (JJ _scared) (NNP _Name)) (VP (P_can _can) (VP (P_look _look) (P_like _like) (P_*T* _*T*)))))) (. _.)),bad,wh_vs_that_with_gap_long_distance,804,syntax,filler_gap_dependency,sample10.0.FG-output.rank-1,-4.722065706722792,-4.8734732062558646,TRUE
Name will n't remember what all pictures that scared Name can look like *T* .,Name will n't remember what all pictures that scared Name can look like *T* .,-73.20151959868791,-4.880101306579194,(ROOT (P_Name _Name) (VP (P_will _will) (P_n't _n't) (VP (P_remember _remember) (SBAR (WHNP (P_what _what) (JJ _all) (NNS _pictures)) (NP (DT _that) (JJ _scared) (NNP _Name)) (VP (MD _can) (VP (P_look _look) (P_like _like) (P_*T* _*T*)))))) (P_. _.)),good,wh_vs_that_with_gap_long_distance,804,syntax,filler_gap_dependency,sample2.0.FG-output.rank-1,-4.880101306579194,-4.871684549989993,FALSE
Name will n't remember that all pictures that scared Name can look like *T* .,Name will n't remember that all pictures that scared Name can look like *T* .,-73.0752682498499,-4.871684549989993,(ROOT (P_Name _Name) (VP (P_will _will) (P_n't _n't) (VP (VB _remember) (NP _that) (NP (P_all _all) (NNS _pictures)) (SBAR (P_that _that) (NP (JJ _scared) (NNP _Name)) (VP (MD _can) (VP (P_look _look) (P_like _like) (P_*T* _*T*)))))) (P_. _.)),bad,wh_vs_that_with_gap_long_distance,804,syntax,filler_gap_dependency,sample2.0.FG-output.rank-1,-4.880101306579194,-4.871684549989993,FALSE
Name will n't remember what all pictures that scared Name can look like *T* .,Name will n't remember what all pictures that scared Name can look like *T* .,-76.64834119710993,-5.109889413140662,(ROOT (NNP _Name) (VP (P_will _will) (P_n't _n't) (VP (P_remember _remember) (SBAR (WHNP (WDT _what) (JJ _all) (NNS _pictures)) (S (NP (DT _that) (JJ _scared) (P_Name _Name)) (MD _can) (VP (P_look _look) (P_like _like) (NP _*T*)))))) (P_. _.)),good,wh_vs_that_with_gap_long_distance,804,syntax,filler_gap_dependency,sample3.0.FG-output.rank-1,-5.109889413140662,-4.9208325455416695,FALSE
Name will n't remember that all pictures that scared Name can look like *T* .,Name will n't remember that all pictures that scared Name can look like *T* .,-73.81248818312504,-4.9208325455416695,(ROOT (NNP _Name) (VP (P_will _will) (P_n't _n't) (VP (VB _remember) (NP _that) (NP (P_all _all) (NNS _pictures)) (SBAR (COMP _that) (NP (JJ _scared) (NNP _Name)) (MD _can) (VP (P_look _look) (P_like _like) (NP _*T*))))) (P_. _.)),bad,wh_vs_that_with_gap_long_distance,804,syntax,filler_gap_dependency,sample3.0.FG-output.rank-1,-5.109889413140662,-4.9208325455416695,FALSE
Name will n't remember what all pictures that scared Name can look like *T* .,Name will n't remember what all pictures that scared Name can look like *T* .,-78.05632260859939,-5.203754840573293,(ROOT (P_Name _Name) (VP (P_will _will) (NOT _n't) (VP (P_remember _remember) (SBAR (WHNP (P_what _what) (NP (DT _all) (NNS _pictures))) (NP (P_that _that) (JJ _scared) (NNP _Name)) (VP (MD _can) (VP (P_look _look) (P_like _like) (NP _*T*)))))) (. _.)),good,wh_vs_that_with_gap_long_distance,804,syntax,filler_gap_dependency,sample4.0.FG-output.rank-1,-5.203754840573293,-5.109817528907344,FALSE
Name will n't remember that all pictures that scared Name can look like *T* .,Name will n't remember that all pictures that scared Name can look like *T* .,-76.64726293361016,-5.109817528907344,(ROOT (P_Name _Name) (VP (P_will _will) (NOT _n't) (VP (VB _remember) (NP (DT _that) (JJ _all) (NNS _pictures)) (SBAR (P_that _that) (NP (JJ _scared) (P_Name _Name)) (VP (MD _can) (VP (P_look _look) (P_like _like) (NP _*T*)))))) (. _.)),bad,wh_vs_that_with_gap_long_distance,804,syntax,filler_gap_dependency,sample4.0.FG-output.rank-1,-5.203754840573293,-5.109817528907344,FALSE
Name will n't remember what all pictures that scared Name can look like *T* .,Name will n't remember what all pictures that scared Name can look like *T* .,-81.49742315525447,-5.433161543683631,(ROOT (P_Name _Name) (VP (P_will _will) (P_n't _n't) (VP (P_remember _remember) (SBAR (WHNP _what) (NP (P_all _all) (NP (NNS _pictures) (SBAR (COMP _that) (NP (JJ _scared) (NNP _Name)) (MD _can) (VP (P_look _look) (P_like _like) (NP _*T*)))))))) (P_. _.)),good,wh_vs_that_with_gap_long_distance,804,syntax,filler_gap_dependency,sample5.0.FG-output.rank-1,-5.433161543683631,-5.163527479834043,FALSE
Name will n't remember that all pictures that scared Name can look like *T* .,Name will n't remember that all pictures that scared Name can look like *T* .,-77.45291219751064,-5.163527479834043,(ROOT (P_Name _Name) (VP (P_will _will) (P_n't _n't) (VP (VB _remember) (NP (DT _that) (JJ _all) (NNS _pictures)) (SBAR (COMP _that) (NP (JJ _scared) (NNP _Name)) (MD _can) (VP (P_look _look) (P_like _like) (NP _*T*))))) (P_. _.)),bad,wh_vs_that_with_gap_long_distance,804,syntax,filler_gap_dependency,sample5.0.FG-output.rank-1,-5.433161543683631,-5.163527479834043,FALSE
Name will n't remember what all pictures that scared Name can look like *T* .,Name will n't remember what all pictures that scared Name can look like *T* .,-76.62490686393487,-5.108327124262325,(ROOT (NNP _Name) (VP (P_will _will) (P_n't _n't) (VP (P_remember _remember) (SBAR (WHNP (P_what _what) (JJ _all) (NNS _pictures)) (S (NP (DT _that) (JJ _scared) (P_Name _Name)) (MD _can) (VP (P_look _look) (P_like _like) (NP _*T*)))))) (P_. _.)),good,wh_vs_that_with_gap_long_distance,804,syntax,filler_gap_dependency,sample6.0.FG-output.rank-1,-5.108327124262325,-4.9200876180189805,FALSE
Name will n't remember that all pictures that scared Name can look like *T* .,Name will n't remember that all pictures that scared Name can look like *T* .,-73.8013142702847,-4.9200876180189805,(ROOT (NNP _Name) (VP (P_will _will) (P_n't _n't) (VP (VB _remember) (NP _that) (NP (P_all _all) (NNS _pictures)) (SBAR (P_that _that) (NP (JJ _scared) (NNP _Name)) (VP (MD _can) (VP (P_look _look) (P_like _like) (NP _*T*)))))) (P_. _.)),bad,wh_vs_that_with_gap_long_distance,804,syntax,filler_gap_dependency,sample6.0.FG-output.rank-1,-5.108327124262325,-4.9200876180189805,FALSE
Name will n't remember what all pictures that scared Name can look like *T* .,Name will n't remember what all pictures that scared Name can look like *T* .,-70.66980554248754,-4.711320369499169,(ROOT (NNP _Name) (VP (P_will _will) (NOT _n't) (VP (P_remember _remember) (SBAR (WHNP (P_what _what) (JJ _all) (NNS _pictures)) (NP (DT _that) (JJ _scared) (NNP _Name)) (VP (MD _can) (VP (P_look _look) (P_like _like) (P_*T* _*T*)))))) (. _.)),good,wh_vs_that_with_gap_long_distance,804,syntax,filler_gap_dependency,sample7.0.FG-output.rank-1,-4.711320369499169,-4.778380845269813,TRUE
Name will n't remember that all pictures that scared Name can look like *T* .,Name will n't remember that all pictures that scared Name can look like *T* .,-71.6757126790472,-4.778380845269813,(ROOT (NNP _Name) (VP (P_will _will) (NOT _n't) (VP (VB _remember) (NP _that) (NP (P_all _all) (NNS _pictures)) (SBAR (P_that _that) (NP (JJ _scared) (P_Name _Name)) (VP (MD _can) (VP (P_look _look) (P_like _like) (P_*T* _*T*)))))) (. _.)),bad,wh_vs_that_with_gap_long_distance,804,syntax,filler_gap_dependency,sample7.0.FG-output.rank-1,-4.711320369499169,-4.778380845269813,TRUE
Name will n't remember what all pictures that scared Name can look like *T* .,Name will n't remember what all pictures that scared Name can look like *T* .,-74.00148731319933,-4.9334324875466224,(ROOT (P_Name _Name) (VP (P_will _will) (NOT _n't) (VP (P_remember _remember) (SBAR (WHNP (P_what _what) (JJ _all) (NNS _pictures)) (NP (DT _that) (JJ _scared) (P_Name _Name)) (VP (P_can _can) (VP (P_look _look) (P_like _like) (NP _*T*)))))) (P_. _.)),good,wh_vs_that_with_gap_long_distance,804,syntax,filler_gap_dependency,sample8.0.FG-output.rank-1,-4.9334324875466224,-5.014880124464154,TRUE
Name will n't remember that all pictures that scared Name can look like *T* .,Name will n't remember that all pictures that scared Name can look like *T* .,-75.22320186696231,-5.014880124464154,(ROOT (P_Name _Name) (VP (P_will _will) (NOT _n't) (VP (VB _remember) (NP (DT _that) (JJ _all) (NNS _pictures)) (SBAR (P_that _that) (NP (JJ _scared) (NNP _Name)) (VP (P_can _can) (VP (P_look _look) (P_like _like) (NP _*T*)))))) (P_. _.)),bad,wh_vs_that_with_gap_long_distance,804,syntax,filler_gap_dependency,sample8.0.FG-output.rank-1,-4.9334324875466224,-5.014880124464154,TRUE
Name will n't remember what all pictures that scared Name can look like *T* .,Name will n't remember what all pictures that scared Name can look like *T* .,-76.67853667653243,-5.111902445102162,(ROOT (P_Name _Name) (VP (P_will _will) (P_n't _n't) (VP (VB _remember) (WHNP (P_what _what) (JJ _all) (NNS _pictures)) (SBAR (COMP _that) (NP (JJ _scared) (P_Name _Name)) (MD _can) (VP (P_look _look) (PP (IN _like) (P_*T* _*T*)))))) (. _.)),good,wh_vs_that_with_gap_long_distance,804,syntax,filler_gap_dependency,sample9.0.FG-output.rank-1,-5.111902445102162,-4.931226091505358,FALSE
Name will n't remember that all pictures that scared Name can look like *T* .,Name will n't remember that all pictures that scared Name can look like *T* .,-73.96839137258037,-4.931226091505358,(ROOT (P_Name _Name) (VP (MD _will) (P_n't _n't) (VB _remember) (NP (DT _that) (JJ _all) (NNS _pictures)) (SBAR (COMP _that) (NP (JJ _scared) (P_Name _Name)) (MD _can) (VP (P_look _look) (PP (IN _like) (P_*T* _*T*))))) (. _.)),bad,wh_vs_that_with_gap_long_distance,804,syntax,filler_gap_dependency,sample9.0.FG-output.rank-1,-5.111902445102162,-4.931226091505358,FALSE
some people learn what this doctor that will train was n't driving to *T* .,some people learn what this doctor that will train was n't driving to *T* .,-92.82569020065876,-6.188379346710584,(ROOT (NP (P_some _some) (NNS _people)) (VP (VB _learn) (WHNP _what) (SBAR (NP (P_this _this) (NN _doctor)) (S (P_that _that) (VP (MD _will) (NP _train) (VP (AUX _was) (NOT _n't) (VBG _driving)) (PP (P_to _to) (NP _*T*)))))) (P_. _.)),good,wh_vs_that_with_gap_long_distance,951,syntax,filler_gap_dependency,sample1.0.FG-output.rank-1,-6.188379346710584,-6.03026559178556,FALSE
some people learn that this doctor that will train was n't driving to *T* .,some people learn that this doctor that will train was n't driving to *T* .,-90.4539838767834,-6.03026559178556,(ROOT (NP (P_some _some) (NNS _people)) (VP (VB _learn) (NP _that) (NP (P_this _this) (NN _doctor)) (SBAR (P_that _that) (VP (MD _will) (NP _train) (VP (AUX _was) (NOT _n't) (VBG _driving)) (PP (P_to _to) (NP _*T*))))) (P_. _.)),bad,wh_vs_that_with_gap_long_distance,951,syntax,filler_gap_dependency,sample1.0.FG-output.rank-1,-6.188379346710584,-6.03026559178556,FALSE
some people learn what this doctor that will train was n't driving to *T* .,some people learn what this doctor that will train was n't driving to *T* .,-91.71636211475575,-6.114424140983717,(ROOT (SBAR (NP (P_some _some) (NNS _people)) (VP (VB _learn) (WHNP _what) (PP (P_this _this) (NN _doctor)))) (NP _that) (P_will _will) (VP (VBP _train) (VP (AUX _was) (P_n't _n't) (VP (VBG _driving) (IN _to) (P_*T* _*T*)))) (. _.)),good,wh_vs_that_with_gap_long_distance,951,syntax,filler_gap_dependency,sample10.0.FG-output.rank-1,-6.114424140983717,-5.9211866698646,FALSE
some people learn that this doctor that will train was n't driving to *T* .,some people learn that this doctor that will train was n't driving to *T* .,-88.817800047969,-5.9211866698646,(ROOT (NP (P_some _some) (NNS _people)) (VP (VB _learn) (NP _that) (PP (P_this _this) (NN _doctor)) (SBAR (P_that _that) (VP (P_will _will) (NP _train) (VP (AUX _was) (P_n't _n't) (VP (VBG _driving) (IN _to) (P_*T* _*T*)))))) (P_. _.)),bad,wh_vs_that_with_gap_long_distance,951,syntax,filler_gap_dependency,sample10.0.FG-output.rank-1,-6.114424140983717,-5.9211866698646,FALSE
some people learn what this doctor that will train was n't driving to *T* .,some people learn what this doctor that will train was n't driving to *T* .,-92.80888989682067,-6.187259326454711,(ROOT (NP (P_some _some) (NNS _people)) (VP (VB _learn) (P_what _what) (PP (P_this _this) (NN _doctor))) (NP _that) (VP (MD _will) (NP _train) (VP (AUX _was) (NOT _n't) (VP (VBG _driving) (PP (IN _to) (P_*T* _*T*))))) (. _.)),good,wh_vs_that_with_gap_long_distance,951,syntax,filler_gap_dependency,sample2.0.FG-output.rank-1,-6.187259326454711,-6.048595603985049,FALSE
some people learn that this doctor that will train was n't driving to *T* .,some people learn that this doctor that will train was n't driving to *T* .,-90.72893405977574,-6.048595603985049,(ROOT (NP (P_some _some) (NNS _people)) (VP (VB _learn) (P_that _that) (PP (P_this _this) (NN _doctor))) (NP _that) (VP (MD _will) (NP _train) (VP (AUX _was) (NOT _n't) (VP (VBG _driving) (PP (IN _to) (P_*T* _*T*))))) (. _.)),bad,wh_vs_that_with_gap_long_distance,951,syntax,filler_gap_dependency,sample2.0.FG-output.rank-1,-6.187259326454711,-6.048595603985049,FALSE
some people learn what this doctor that will train was n't driving to *T* .,some people learn what this doctor that will train was n't driving to *T* .,-94.25440372365915,-6.28362691491061,(ROOT (NP (P_some _some) (NNS _people)) (VP (VB _learn) (SBAR (P_what _what) (NP (DT _this) (NN _doctor) (SBAR (P_that _that) (VP (MD _will) (NP _train) (VP (COP _was) (P_n't _n't))))) (VP (VBG _driving) (IN _to) (NP _*T*)))) (P_. _.)),good,wh_vs_that_with_gap_long_distance,951,syntax,filler_gap_dependency,sample3.0.FG-output.rank-1,-6.28362691491061,-6.088913259616277,FALSE
some people learn that this doctor that will train was n't driving to *T* .,some people learn that this doctor that will train was n't driving to *T* .,-91.33369889424415,-6.088913259616277,(ROOT (NP (P_some _some) (NNS _people)) (VP (VB _learn) (NP _that) (NP (P_this _this) (NN _doctor)) (SBAR (P_that _that) (VP (MD _will) (NP _train) (VP (AUX _was) (NOT _n't) (VP (VBG _driving) (IN _to) (NP _*T*)))))) (P_. _.)),bad,wh_vs_that_with_gap_long_distance,951,syntax,filler_gap_dependency,sample3.0.FG-output.rank-1,-6.28362691491061,-6.088913259616277,FALSE
some people learn what this doctor that will train was n't driving to *T* .,some people learn what this doctor that will train was n't driving to *T* .,-93.44389252760907,-6.229592835173937,(ROOT (NP (P_some _some) (NNS _people)) (VP (VB _learn) (SBAR (WHNP (WP _what) (DT _this) (NN _doctor)) (NP _that) (VP (MD _will) (NP _train) (VP (AUX _was) (P_n't _n't) (VP (VBG _driving) (PP (IN _to) (P_*T* _*T*))))))) (P_. _.)),good,wh_vs_that_with_gap_long_distance,951,syntax,filler_gap_dependency,sample4.0.FG-output.rank-1,-6.229592835173937,-6.037747238759087,FALSE
some people learn that this doctor that will train was n't driving to *T* .,some people learn that this doctor that will train was n't driving to *T* .,-90.5662085813863,-6.037747238759087,(ROOT (NP (P_some _some) (NNS _people)) (VP (VB _learn) (NP _that) (NP (DT _this) (NN _doctor) (SBAR (P_that _that) (VP (MD _will) (NP _train) (VP (AUX _was) (P_n't _n't) (VBG _driving))))) (PP (IN _to) (P_*T* _*T*))) (P_. _.)),bad,wh_vs_that_with_gap_long_distance,951,syntax,filler_gap_dependency,sample4.0.FG-output.rank-1,-6.229592835173937,-6.037747238759087,FALSE
some people learn what this doctor that will train was n't driving to *T* .,some people learn what this doctor that will train was n't driving to *T* .,-92.66072003249552,-6.177381335499701,(ROOT (NP (P_some _some) (NNS _people)) (VP (VB _learn) (SBAR (WP _what) (NP (DT _this) (NN _doctor) (NN _that)) (VP (MD _will) (NP _train) (VP (AUX _was) (NOT _n't) (VBG _driving)) (PP _to))) (P_*T* _*T*)) (P_. _.)),good,wh_vs_that_with_gap_long_distance,951,syntax,filler_gap_dependency,sample5.0.FG-output.rank-1,-6.177381335499701,-6.001748021146314,FALSE
some people learn that this doctor that will train was n't driving to *T* .,some people learn that this doctor that will train was n't driving to *T* .,-90.02622031719471,-6.001748021146314,(ROOT (NP (P_some _some) (NNS _people)) (VP (VB _learn) (NP _that) (PP (P_this _this) (NN _doctor)) (SBAR (P_that _that) (VP (MD _will) (NP _train) (VP (AUX _was) (NOT _n't) (VBG _driving)) (PP (P_to _to) (NP _*T*))))) (P_. _.)),bad,wh_vs_that_with_gap_long_distance,951,syntax,filler_gap_dependency,sample5.0.FG-output.rank-1,-6.177381335499701,-6.001748021146314,FALSE
some people learn what this doctor that will train was n't driving to *T* .,some people learn what this doctor that will train was n't driving to *T* .,-96.08617241890461,-6.405744827926974,(ROOT (NP (P_some _some) (NNS _people)) (VP (VB _learn) (P_what _what) (ADVP (NP (P_this _this) (NN _doctor)) (SBAR (P_that _that) (VP (MD _will) (VP (VBP _train) (VP (AUX _was) (P_n't _n't) (VP (VBG _driving) (PP (P_to _to) (NP _*T*))))))))) (. _.)),good,wh_vs_that_with_gap_long_distance,951,syntax,filler_gap_dependency,sample6.0.FG-output.rank-1,-6.405744827926974,-6.202221552889252,FALSE
some people learn that this doctor that will train was n't driving to *T* .,some people learn that this doctor that will train was n't driving to *T* .,-93.03332329333877,-6.202221552889252,(ROOT (NP (P_some _some) (NNS _people)) (VP (VB _learn) (NP _that) (NP (P_this _this) (NN _doctor)) (SBAR (P_that _that) (VP (MD _will) (VP (VBP _train) (VP (AUX _was) (P_n't _n't) (VP (VBG _driving) (PP (P_to _to) (NP _*T*)))))))) (. _.)),bad,wh_vs_that_with_gap_long_distance,951,syntax,filler_gap_dependency,sample6.0.FG-output.rank-1,-6.405744827926974,-6.202221552889252,FALSE
some people learn what this doctor that will train was n't driving to *T* .,some people learn what this doctor that will train was n't driving to *T* .,-93.71485600491688,-6.247657066994459,(ROOT (NP (P_some _some) (NNS _people)) (VP (VB _learn) (SBAR (WHNP _what) (NP (DT _this) (NN _doctor) (NN _that)) (VP (MD _will) (NP _train) (VP (AUX _was) (P_n't _n't) (VP (VBG _driving) (PP (IN _to) (P_*T* _*T*))))))) (P_. _.)),good,wh_vs_that_with_gap_long_distance,951,syntax,filler_gap_dependency,sample7.0.FG-output.rank-1,-6.247657066994459,-6.150087491863337,FALSE
some people learn that this doctor that will train was n't driving to *T* .,some people learn that this doctor that will train was n't driving to *T* .,-92.25131237795006,-6.150087491863337,(ROOT (NP (P_some _some) (NNS _people)) (VP (VB _learn) (NP _that) (NP (P_this _this) (NN _doctor)) (SBAR (P_that _that) (VP (MD _will) (NP _train) (VP (AUX _was) (P_n't _n't) (VP (VBG _driving) (PP (IN _to) (P_*T* _*T*))))))) (P_. _.)),bad,wh_vs_that_with_gap_long_distance,951,syntax,filler_gap_dependency,sample7.0.FG-output.rank-1,-6.247657066994459,-6.150087491863337,FALSE
some people learn what this doctor that will train was n't driving to *T* .,some people learn what this doctor that will train was n't driving to *T* .,-91.33649203711079,-6.089099469140719,(ROOT (NP (P_some _some) (NNS _people)) (VP (VB _learn) (SBAR (WHNP _what) (NP (DT _this) (NN _doctor) (SBAR (P_that _that) (VP (MD _will) (NP _train) (VP (P_was _was) (P_n't _n't) (VBG _driving))))) (VP _to)) (P_*T* _*T*)) (P_. _.)),good,wh_vs_that_with_gap_long_distance,951,syntax,filler_gap_dependency,sample8.0.FG-output.rank-1,-6.089099469140719,-5.952387786203386,FALSE
some people learn that this doctor that will train was n't driving to *T* .,some people learn that this doctor that will train was n't driving to *T* .,-89.28581679305078,-5.952387786203386,(ROOT (NP (P_some _some) (NNS _people)) (VP (VB _learn) (SBAR (P_that _that) (NP (DT _this) (NN _doctor) (SBAR (P_that _that) (VP (MD _will) (NP _train) (VP (P_was _was) (P_n't _n't) (VBG _driving))))) (VP _to)) (P_*T* _*T*)) (P_. _.)),bad,wh_vs_that_with_gap_long_distance,951,syntax,filler_gap_dependency,sample8.0.FG-output.rank-1,-6.089099469140719,-5.952387786203386,FALSE
some people learn what this doctor that will train was n't driving to *T* .,some people learn what this doctor that will train was n't driving to *T* .,-95.02968612290502,-6.335312408193668,(ROOT (S (NP (P_some _some) (NNS _people)) (VP (VB _learn) (P_what _what))) (NP (P_this _this) (NN _doctor)) (S (NP _that) (MD _will) (VP (VBP _train) (VP (AUX _was) (NOT _n't) (VP (VBG _driving) (PP (IN _to) (P_*T* _*T*))))) (P_. _.))),good,wh_vs_that_with_gap_long_distance,951,syntax,filler_gap_dependency,sample9.0.FG-output.rank-1,-6.335312408193668,-6.152175546436142,FALSE
some people learn that this doctor that will train was n't driving to *T* .,some people learn that this doctor that will train was n't driving to *T* .,-92.28263319654214,-6.152175546436142,(ROOT (NP (P_some _some) (NNS _people)) (VP (VB _learn) (NP _that) (ADVP (P_this _this) (NN _doctor)) (SBAR (P_that _that) (VP (MD _will) (NP _train) (VP (AUX _was) (NOT _n't) (VP (VBG _driving) (PP (IN _to) (P_*T* _*T*))))))) (P_. _.)),bad,wh_vs_that_with_gap_long_distance,951,syntax,filler_gap_dependency,sample9.0.FG-output.rank-1,-6.335312408193668,-6.152175546436142,FALSE
Name had found out that the child that changed will n't listen to *T* .,Name had found out that the child that changed will n't listen to *T* .,-89.38658372124424,-5.959105581416282,(ROOT (P_Name _Name) (VP (VBD _had) (VP (VBD _found) (PRT _out) (NP _that) (NP (P_the _the) (NN _child) (SBAR (P_that _that) (VP (VBD _changed) (VP (P_will _will) (NOT _n't) (VP (VB _listen) (PP (P_to _to) (NP _*T*))))))))) (P_. _.)),bad,wh_vs_that_with_gap_long_distance,954,syntax,filler_gap_dependency,sample1.0.FG-output.rank-1,-6.241057663432986,-5.959105581416282,FALSE
Name had found out who the child that changed will n't listen to *T* .,Name had found out who the child that changed will n't listen to *T* .,-93.6158649514948,-6.241057663432986,(ROOT (P_Name _Name) (VP (VBD _had) (VP (VBD _found) (PP (IN _out) (WHNP _who)) (NP (P_the _the) (NN _child) (SBAR (P_that _that) (VP (VBD _changed) (VP (MD _will) (NOT _n't) (VB _listen))))) (PP (P_to _to) (NP _*T*)))) (P_. _.)),good,wh_vs_that_with_gap_long_distance,954,syntax,filler_gap_dependency,sample1.0.FG-output.rank-1,-6.241057663432986,-5.959105581416282,FALSE
Name had found out that the child that changed will n't listen to *T* .,Name had found out that the child that changed will n't listen to *T* .,-83.94203875565522,-5.596135917043681,(ROOT (NNP _Name) (VP (VBD _had) (VP (VBD _found) (PRT _out) (SBAR (P_that _that) (NP (DT _the) (NN _child) (SBAR (P_that _that) (VP _changed))) (VP (P_will _will) (P_n't _n't) (VP (P_listen _listen) (PP (IN _to) (P_*T* _*T*))))))) (. _.)),bad,wh_vs_that_with_gap_long_distance,954,syntax,filler_gap_dependency,sample10.0.FG-output.rank-1,-5.77779852989447,-5.596135917043681,FALSE
Name had found out who the child that changed will n't listen to *T* .,Name had found out who the child that changed will n't listen to *T* .,-86.66697794841706,-5.77779852989447,(ROOT (NNP _Name) (VP (VBD _had) (VP (VBD _found) (PRT _out) (SBAR (WP _who) (NP (DT _the) (NN _child) (SBAR (P_that _that) (VP _changed))) (VP (P_will _will) (P_n't _n't) (VP (P_listen _listen) (PP (IN _to) (P_*T* _*T*))))))) (. _.)),good,wh_vs_that_with_gap_long_distance,954,syntax,filler_gap_dependency,sample10.0.FG-output.rank-1,-5.77779852989447,-5.596135917043681,FALSE
Name had found out that the child that changed will n't listen to *T* .,Name had found out that the child that changed will n't listen to *T* .,-83.77145761378245,-5.584763840918829,(ROOT (P_Name _Name) (VP (VBD _had) (VP (VBD _found) (PRT _out) (NP _that) (NP (DT _the) (NN _child) (SBAR (P_that _that) (VP (VBD _changed) (VP (P_will _will) (P_n't _n't) (VP (P_listen _listen) (P_to _to) (NP _*T*)))))))) (P_. _.)),bad,wh_vs_that_with_gap_long_distance,954,syntax,filler_gap_dependency,sample2.0.FG-output.rank-1,-5.930603833753594,-5.584763840918829,FALSE
Name had found out who the child that changed will n't listen to *T* .,Name had found out who the child that changed will n't listen to *T* .,-88.9590575063039,-5.930603833753594,(ROOT (P_Name _Name) (VP (VBD _had) (VP (VBD _found) (ADVP _out) (SBAR (WHNP _who) (NP (DT _the) (NN _child) (SBAR (P_that _that) (VP _changed))) (VP (P_will _will) (P_n't _n't) (VP (P_listen _listen) (P_to _to) (NP _*T*)))))) (P_. _.)),good,wh_vs_that_with_gap_long_distance,954,syntax,filler_gap_dependency,sample2.0.FG-output.rank-1,-5.930603833753594,-5.584763840918829,FALSE
Name had found out that the child that changed will n't listen to *T* .,Name had found out that the child that changed will n't listen to *T* .,-88.83412252220828,-5.922274834813885,(ROOT (NNP _Name) (VP (VBD _had) (VP (VBD _found) (ADVP _out) (SBAR (COMP _that) (NP (DT _the) (NN _child) (SBAR (P_that _that) (VP _changed))) (VP (P_will _will) (P_n't _n't) (VP (P_listen _listen) (IN _to) (NP _*T*)))))) (P_. _.)),bad,wh_vs_that_with_gap_long_distance,954,syntax,filler_gap_dependency,sample3.0.FG-output.rank-1,-6.17315171055956,-5.922274834813885,FALSE
Name had found out who the child that changed will n't listen to *T* .,Name had found out who the child that changed will n't listen to *T* .,-92.59727565839339,-6.17315171055956,(ROOT (P_Name _Name) (VP (VBD _had) (VP (VBD _found) (PP (IN _out) (WP _who)))) (NP (DT _the) (NN _child) (SBAR (P_that _that) (VP (VBD _changed) (VP (P_will _will) (P_n't _n't) (VP (P_listen _listen) (IN _to) (NP _*T*)))))) (. _.)),good,wh_vs_that_with_gap_long_distance,954,syntax,filler_gap_dependency,sample3.0.FG-output.rank-1,-6.17315171055956,-5.922274834813885,FALSE
Name had found out that the child that changed will n't listen to *T* .,Name had found out that the child that changed will n't listen to *T* .,-89.06179340691094,-5.937452893794062,(ROOT (NP _Name) (AUX _had) (VP (VBD _found) (PRT _out) (NP _that) (NP (DT _the) (NN _child) (SBAR (P_that _that) (VP (VBD _changed) (VP (P_will _will) (NOT _n't) (VP (VB _listen) (PP (IN _to) (P_*T* _*T*)))))))) (. _.)),bad,wh_vs_that_with_gap_long_distance,954,syntax,filler_gap_dependency,sample4.0.FG-output.rank-1,-6.254081266406555,-5.937452893794062,FALSE
Name had found out who the child that changed will n't listen to *T* .,Name had found out who the child that changed will n't listen to *T* .,-93.81121899609832,-6.254081266406555,(ROOT (NP _Name) (AUX _had) (VP (VBD _found) (ADVP _out) (SBAR (WHNP _who) (NP (DT _the) (NN _child) (SBAR (P_that _that) (VP _changed))) (VP (P_will _will) (NOT _n't) (VP (VB _listen) (PP (IN _to) (P_*T* _*T*)))))) (. _.)),good,wh_vs_that_with_gap_long_distance,954,syntax,filler_gap_dependency,sample4.0.FG-output.rank-1,-6.254081266406555,-5.937452893794062,FALSE
Name had found out that the child that changed will n't listen to *T* .,Name had found out that the child that changed will n't listen to *T* .,-88.72640806505758,-5.915093871003839,(ROOT (P_Name _Name) (VP (VBD _had) (VP (VBN _found) (PP (IN _out) (P_that _that)) (ADVP (DT _the) (NN _child)) (SBAR (P_that _that) (VP (VBD _changed) (VP (P_will _will) (P_n't _n't) (VP (P_listen _listen) (PP (P_to _to) (NP _*T*)))))))) (P_. _.)),bad,wh_vs_that_with_gap_long_distance,954,syntax,filler_gap_dependency,sample5.0.FG-output.rank-1,-5.933180898688551,-5.915093871003839,FALSE
Name had found out who the child that changed will n't listen to *T* .,Name had found out who the child that changed will n't listen to *T* .,-88.99771348032827,-5.933180898688551,(ROOT (P_Name _Name) (VP (VBD _had) (VP (VBD _found) (PRT _out) (SBAR (WP _who) (NP (P_the _the) (NN _child) (SBAR (P_that _that) (VP _changed))) (VP (P_will _will) (P_n't _n't) (VP (P_listen _listen) (PP (P_to _to) (NP _*T*))))))) (P_. _.)),good,wh_vs_that_with_gap_long_distance,954,syntax,filler_gap_dependency,sample5.0.FG-output.rank-1,-5.933180898688551,-5.915093871003839,FALSE
Name had found out that the child that changed will n't listen to *T* .,Name had found out that the child that changed will n't listen to *T* .,-86.84597330792293,-5.789731553861529,(ROOT (NNP _Name) (VP (VBD _had) (VP (VBD _found) (PRT _out) (SBAR (P_that _that) (NP (P_the _the) (NN _child) (SBAR (P_that _that) (VP _changed))) (VP (P_will _will) (P_n't _n't) (VP (P_listen _listen) (PP (P_to _to) (NP _*T*))))))) (P_. _.)),bad,wh_vs_that_with_gap_long_distance,954,syntax,filler_gap_dependency,sample6.0.FG-output.rank-1,-6.224530257395643,-5.789731553861529,FALSE
Name had found out who the child that changed will n't listen to *T* .,Name had found out who the child that changed will n't listen to *T* .,-93.36795386093465,-6.224530257395643,(ROOT (NNP _Name) (VP (VBD _had) (VP (VBD _found) (PRT _out) (SBAR (WHNP _who) (NP (P_the _the) (NN _child) (SBAR (P_that _that) (VP (VBD _changed) (VP (P_will _will) (P_n't _n't) (VP (P_listen _listen) (PP (P_to _to) (NP _*T*)))))))))) (P_. _.)),good,wh_vs_that_with_gap_long_distance,954,syntax,filler_gap_dependency,sample6.0.FG-output.rank-1,-6.224530257395643,-5.789731553861529,FALSE
Name had found out that the child that changed will n't listen to *T* .,Name had found out that the child that changed will n't listen to *T* .,-87.32671636954754,-5.821781091303169,(ROOT (NNP _Name) (VP (VBD _had) (VP (VBD _found) (PRT _out) (NP _that) (NP (DT _the) (NN _child) (SBAR (P_that _that) (VP (VBD _changed) (VP (MD _will) (P_n't _n't) (VB _listen) (PP (IN _to) (P_*T* _*T*)))))))) (. _.)),bad,wh_vs_that_with_gap_long_distance,954,syntax,filler_gap_dependency,sample7.0.FG-output.rank-1,-6.048349340791568,-5.821781091303169,FALSE
Name had found out who the child that changed will n't listen to *T* .,Name had found out who the child that changed will n't listen to *T* .,-90.72524011187352,-6.048349340791568,(ROOT (NNP _Name) (VP (VBD _had) (VP (VBD _found) (PRT _out) (SBAR (WHNP _who) (NP (DT _the) (NN _child) (SBAR (P_that _that) (VP _changed))) (VP (MD _will) (P_n't _n't) (VB _listen) (PP (IN _to) (P_*T* _*T*)))))) (. _.)),good,wh_vs_that_with_gap_long_distance,954,syntax,filler_gap_dependency,sample7.0.FG-output.rank-1,-6.048349340791568,-5.821781091303169,FALSE
Name had found out that the child that changed will n't listen to *T* .,Name had found out that the child that changed will n't listen to *T* .,-89.5942107504964,-5.972947383366427,(ROOT (P_Name _Name) (VP (P_had _had) (S (VBD _found) (PRT _out) (NP _that) (NP (DT _the) (NN _child) (SBAR (P_that _that) (VP (VBD _changed) (VP (P_will _will) (NOT _n't) (VP (VB _listen) (P_to _to) (ADVP _*T*)))))))) (P_. _.)),bad,wh_vs_that_with_gap_long_distance,954,syntax,filler_gap_dependency,sample8.0.FG-output.rank-1,-6.218837626142307,-5.972947383366427,FALSE
Name had found out who the child that changed will n't listen to *T* .,Name had found out who the child that changed will n't listen to *T* .,-93.2825643921346,-6.218837626142307,(ROOT (P_Name _Name) (VP (P_had _had) (S (VBD _found) (ADVP _out) (SBAR (WHNP _who) (NP (DT _the) (NN _child) (SBAR (P_that _that) (VP _changed))) (VP (P_will _will) (NOT _n't) (VP (VB _listen) (P_to _to) (ADVP _*T*)))))) (P_. _.)),good,wh_vs_that_with_gap_long_distance,954,syntax,filler_gap_dependency,sample8.0.FG-output.rank-1,-6.218837626142307,-5.972947383366427,FALSE
Name had found out that the child that changed will n't listen to *T* .,Name had found out that the child that changed will n't listen to *T* .,-90.29019842114177,-6.019346561409451,(ROOT (P_Name _Name) (VP (VBD _had) (VP (VBD _found) (ADVP _out) (SBAR (P_that _that) (NP (DT _the) (NN _child) (SBAR (P_that _that) (VP _changed))) (VP (MD _will) (NOT _n't) (VB _listen) (PP (IN _to) (P_*T* _*T*)))))) (. _.)),bad,wh_vs_that_with_gap_long_distance,954,syntax,filler_gap_dependency,sample9.0.FG-output.rank-1,-6.295854958108103,-6.019346561409451,FALSE
Name had found out who the child that changed will n't listen to *T* .,Name had found out who the child that changed will n't listen to *T* .,-94.43782437162153,-6.295854958108103,(ROOT (P_Name _Name) (VP (VBD _had) (VP (VBD _found) (ADVP _out) (SBAR (WHNP _who) (NP (P_the _the) (NN _child))) (SBAR (P_that _that) (VP (VBD _changed) (VP (MD _will) (NOT _n't) (VB _listen) (PP (IN _to) (P_*T* _*T*))))))) (. _.)),good,wh_vs_that_with_gap_long_distance,954,syntax,filler_gap_dependency,sample9.0.FG-output.rank-1,-6.295854958108103,-6.019346561409451,FALSE
